F1,Name,Abb,Book,Aggressions,Agg_freq,Paragraphs,Mention_freq,Agg_likelihood,Mentions,None (Non-Human),Evil,House,Stupefy,Expelliarmus,Crucio,Avada Kedavra,Impedimenta,Gender,subjective,objective,possessive,BookNoYear,RDBritish,RDAmerican,CopiesSold,Deaths,AvgRating,Series,BookNN,present,past
0,Harry Potter,harr,The Sorcerer's Stone (1997),3,0.002793,3015,0.356219,8.42,1074,0,No,Gryffindor,0,0,0,0,0,M,he,him,his,Harry Potter and the Sorcerer's Stone,6/26/1997,9/1/1998,107,3,4.43,1,The Sorcerer's Stone ('97),is,was
1,Hermione Granger,herm,The Sorcerer's Stone (1997),3,0.012048,3015,0.082587,36.33,249,0,No,Gryffindor,0,0,0,0,0,F,she,her,her,Harry Potter and the Sorcerer's Stone,6/26/1997,9/1/1998,107,3,4.43,1,The Sorcerer's Stone ('97),is,was
2,Voldemort,vold,The Sorcerer's Stone (1997),0,0,3015,0.010614,0,32,0,Yes,Slytherin,0,0,0,0,0,M,he,him,his,Harry Potter and the Sorcerer's Stone,6/26/1997,9/1/1998,107,3,4.43,1,The Sorcerer's Stone ('97),is,was
3,Ron Weasley,ronw,The Sorcerer's Stone (1997),2,0.003899,3015,0.170149,11.75,513,0,No,Gryffindor,0,0,0,0,0,M,he,him,his,Harry Potter and the Sorcerer's Stone,6/26/1997,9/1/1998,107,3,4.43,1,The Sorcerer's Stone ('97),is,was
4,Severus Snape,snap,The Sorcerer's Stone (1997),0,0,3015,0.049088,0,148,0,No,Slytherin,0,0,0,0,0,M,he,him,his,Harry Potter and the Sorcerer's Stone,6/26/1997,9/1/1998,107,3,4.43,1,The Sorcerer's Stone ('97),is,was
5,Albus Dumbledore,albu,The Sorcerer's Stone (1997),0,0,3015,0.04743,0,143,0,No,Gryffindor,0,0,0,0,0,M,he,him,his,Harry Potter and the Sorcerer's Stone,6/26/1997,9/1/1998,107,3,4.43,1,The Sorcerer's Stone ('97),is,was
6,Draco Malfoy,drac,The Sorcerer's Stone (1997),1,0.090909,3015,0.003648,274.09,11,0,Yes,Slytherin,0,0,0,0,0,M,he,him,his,Harry Potter and the Sorcerer's Stone,6/26/1997,9/1/1998,107,3,4.43,1,The Sorcerer's Stone ('97),is,was
7,Neville Longbottom,nevi,The Sorcerer's Stone (1997),0,0,3015,0.033499,0,101,0,No,Gryffindor,0,0,0,0,0,M,he,him,his,Harry Potter and the Sorcerer's Stone,6/26/1997,9/1/1998,107,3,4.43,1,The Sorcerer's Stone ('97),is,was
8,Minerva McGonagall,mcgo,The Sorcerer's Stone (1997),0,0,3015,0.031177,0,94,0,No,Gryffindor,0,0,0,0,0,F,she,her,her,Harry Potter and the Sorcerer's Stone,6/26/1997,9/1/1998,107,3,4.43,1,The Sorcerer's Stone ('97),is,was
9,Vincent Crabbe,crab,The Sorcerer's Stone (1997),0,0,3015,0.006965,0,21,0,Yes,Slytherin,0,0,0,0,0,M,he,him,his,Harry Potter and the Sorcerer's Stone,6/26/1997,9/1/1998,107,3,4.43,1,The Sorcerer's Stone ('97),is,was
10,Fred Weasley,fred,The Sorcerer's Stone (1997),0,0,3015,0.011277,0,34,0,No,Gryffindor,0,0,0,0,0,M,he,him,his,Harry Potter and the Sorcerer's Stone,6/26/1997,9/1/1998,107,3,4.43,1,The Sorcerer's Stone ('97),is,was
11,George Weasley,geor,The Sorcerer's Stone (1997),0,0,3015,0.009619,0,29,0,No,Gryffindor,0,0,0,0,0,M,he,him,his,Harry Potter and the Sorcerer's Stone,6/26/1997,9/1/1998,107,3,4.43,1,The Sorcerer's Stone ('97),is,was
12,Quirinus Quirrell,quir,The Sorcerer's Stone (1997),5,0.058824,3015,0.028192,177.35,85,0,Yes,Ravenclaw,0,0,0,0,0,M,he,him,his,Harry Potter and the Sorcerer's Stone,6/26/1997,9/1/1998,107,3,4.43,1,The Sorcerer's Stone ('97),is,was
13,Filius Flitwick,flit,The Sorcerer's Stone (1997),0,0,3015,0.005638,0,17,0,No,Ravenclaw,0,0,0,0,0,M,he,him,his,Harry Potter and the Sorcerer's Stone,6/26/1997,9/1/1998,107,3,4.43,1,The Sorcerer's Stone ('97),is,was
14,Rubeus Hagrid,hagr,The Sorcerer's Stone (1997),1,0.00304,3015,0.109121,9.16,329,0,No,Gryffindor,0,0,0,0,0,M,he,him,his,Harry Potter and the Sorcerer's Stone,6/26/1997,9/1/1998,107,3,4.43,1,The Sorcerer's Stone ('97),is,was
15,Cho Chang,choc,The Sorcerer's Stone (1997),0,0,3015,0.036484,0,110,0,No,Ravenclaw,0,0,0,0,0,F,she,her,her,Harry Potter and the Sorcerer's Stone,6/26/1997,9/1/1998,107,3,4.43,1,The Sorcerer's Stone ('97),is,was
16,Peeves,peev,The Sorcerer's Stone (1997),0,0,3015,0.010282,0,31,1,No,None (Non-Human),0,0,0,0,0,M,he,him,his,Harry Potter and the Sorcerer's Stone,6/26/1997,9/1/1998,107,3,4.43,1,The Sorcerer's Stone ('97),is,was
17,Percy Weasley,perc,The Sorcerer's Stone (1997),0,0,3015,0.012272,0,37,0,No,Gryffindor,0,0,0,0,0,M,he,him,his,Harry Potter and the Sorcerer's Stone,6/26/1997,9/1/1998,107,3,4.43,1,The Sorcerer's Stone ('97),is,was
18,Seamus Finnegan,seam,The Sorcerer's Stone (1997),0,0,3015,0.005638,0,17,0,No,Gryffindor,0,0,0,0,0,M,he,him,his,Harry Potter and the Sorcerer's Stone,6/26/1997,9/1/1998,107,3,4.43,1,The Sorcerer's Stone ('97),is,was
19,Fluffy,fluf,The Sorcerer's Stone (1997),1,0.038462,3015,0.008624,115.96,26,1,No,None (Non-Human),0,0,0,0,0,N,it,it,its,Harry Potter and the Sorcerer's Stone,6/26/1997,9/1/1998,107,3,4.43,1,The Sorcerer's Stone ('97),is,was
20,Greggory Goyle,goyl,The Sorcerer's Stone (1997),0,0,3015,0.007297,0,22,0,Yes,Slytherin,0,0,0,0,0,M,he,him,his,Harry Potter and the Sorcerer's Stone,6/26/1997,9/1/1998,107,3,4.43,1,The Sorcerer's Stone ('97),is,was
21,Lee Jordan,leej,The Sorcerer's Stone (1997),0,0,3015,0.003648,0,11,0,No,Gryffindor,0,0,0,0,0,M,he,him,his,Harry Potter and the Sorcerer's Stone,6/26/1997,9/1/1998,107,3,4.43,1,The Sorcerer's Stone ('97),is,was
22,Madam Hooch,hooc,The Sorcerer's Stone (1997),0,0,3015,0.00398,0,12,0,No,Unknown,0,0,0,0,0,F,she,her,her,Harry Potter and the Sorcerer's Stone,6/26/1997,9/1/1998,107,3,4.43,1,The Sorcerer's Stone ('97),is,was
23,Harry Potter,harr,The Chamber of Secrets (1998),4,0.003001,3373,0.395197,10.12,1333,0,No,Gryffindor,0,1,0,0,0,M,he,him,his,Harry Potter and the Chamber of Secrets,7/2/1998,6/2/1999,60,1,4.36,2,The Chamber of Secrets ('98),is,was
24,Hermione Granger,herm,The Chamber of Secrets (1998),0,0,3373,0.088052,0,297,0,No,Gryffindor,0,0,0,0,0,F,she,her,her,Harry Potter and the Chamber of Secrets,7/2/1998,6/2/1999,60,1,4.36,2,The Chamber of Secrets ('98),is,was
25,Voldemort,vold,The Chamber of Secrets (1998),1,0.032258,3373,0.009191,108.81,31,0,Yes,Slytherin,0,0,0,0,0,M,he,him,his,Harry Potter and the Chamber of Secrets,7/2/1998,6/2/1999,60,1,4.36,2,The Chamber of Secrets ('98),is,was
26,Ron Weasley,ronw,The Chamber of Secrets (1998),1,0.001372,3373,0.216128,4.63,729,0,No,Gryffindor,0,0,0,0,0,M,he,him,his,Harry Potter and the Chamber of Secrets,7/2/1998,6/2/1999,60,1,4.36,2,The Chamber of Secrets ('98),is,was
27,Severus Snape,snap,The Chamber of Secrets (1998),2,0.025974,3373,0.022828,87.61,77,0,No,Slytherin,0,1,0,0,0,M,he,him,his,Harry Potter and the Chamber of Secrets,7/2/1998,6/2/1999,60,1,4.36,2,The Chamber of Secrets ('98),is,was
28,Albus Dumbledore,albu,The Chamber of Secrets (1998),0,0,3373,0.041803,0,141,0,No,Gryffindor,0,0,0,0,0,M,he,him,his,Harry Potter and the Chamber of Secrets,7/2/1998,6/2/1999,60,1,4.36,2,The Chamber of Secrets ('98),is,was
29,Draco Malfoy,drac,The Chamber of Secrets (1998),3,0.09375,3373,0.009487,316.22,32,0,Yes,Slytherin,0,0,0,0,0,M,he,him,his,Harry Potter and the Chamber of Secrets,7/2/1998,6/2/1999,60,1,4.36,2,The Chamber of Secrets ('98),is,was
30,Neville Longbottom,nevi,The Chamber of Secrets (1998),0,0,3373,0.008301,0,28,0,No,Gryffindor,0,0,0,0,0,M,he,him,his,Harry Potter and the Chamber of Secrets,7/2/1998,6/2/1999,60,1,4.36,2,The Chamber of Secrets ('98),is,was
31,Basilisk,basi,The Chamber of Secrets (1998),12,0.5,3373,0.007115,"1,686.50",24,1,Yes,None (Non-Human),0,0,0,0,0,N,it,it,its,Harry Potter and the Chamber of Secrets,7/2/1998,6/2/1999,60,1,4.36,2,The Chamber of Secrets ('98),is,was
32,Minerva McGonagall,mcgo,The Chamber of Secrets (1998),0,0,3373,0.023718,0,80,0,No,Gryffindor,0,0,0,0,0,F,she,her,her,Harry Potter and the Chamber of Secrets,7/2/1998,6/2/1999,60,1,4.36,2,The Chamber of Secrets ('98),is,was
33,Ginny Weasley,ginn,The Chamber of Secrets (1998),0,0,3373,0.029944,0,101,0,No,Gryffindor,0,0,0,0,0,F,she,her,her,Harry Potter and the Chamber of Secrets,7/2/1998,6/2/1999,60,1,4.36,2,The Chamber of Secrets ('98),is,was
34,Vincent Crabbe,crab,The Chamber of Secrets (1998),0,0,3373,0.008894,0,30,0,Yes,Slytherin,0,0,0,0,0,M,he,him,his,Harry Potter and the Chamber of Secrets,7/2/1998,6/2/1999,60,1,4.36,2,The Chamber of Secrets ('98),is,was
35,Dobby,dobb,The Chamber of Secrets (1998),3,0.028302,3373,0.031426,95.46,106,1,No,None (Non-Human),0,0,0,0,0,M,he,him,his,Harry Potter and the Chamber of Secrets,7/2/1998,6/2/1999,60,1,4.36,2,The Chamber of Secrets ('98),is,was
36,Fred Weasley,fred,The Chamber of Secrets (1998),0,0,3373,0.029054,0,98,0,No,Gryffindor,0,0,0,0,0,M,he,him,his,Harry Potter and the Chamber of Secrets,7/2/1998,6/2/1999,60,1,4.36,2,The Chamber of Secrets ('98),is,was
37,George Weasley,geor,The Chamber of Secrets (1998),0,0,3373,0.025793,0,87,0,No,Gryffindor,0,0,0,0,0,M,he,him,his,Harry Potter and the Chamber of Secrets,7/2/1998,6/2/1999,60,1,4.36,2,The Chamber of Secrets ('98),is,was
38,Arthur Weasley,arth,The Chamber of Secrets (1998),1,0.055556,3373,0.005336,187.39,18,0,No,Gryffindor,0,0,0,0,0,M,he,him,his,Harry Potter and the Chamber of Secrets,7/2/1998,6/2/1999,60,1,4.36,2,The Chamber of Secrets ('98),is,was
39,Rubeus Hagrid,hagr,The Chamber of Secrets (1998),1,0.007353,3373,0.04032,24.8,136,0,No,Gryffindor,0,0,0,0,0,M,he,him,his,Harry Potter and the Chamber of Secrets,7/2/1998,6/2/1999,60,1,4.36,2,The Chamber of Secrets ('98),is,was
40,Gilderoy Lockhart,lock,The Chamber of Secrets (1998),3,0.014151,3373,0.062852,47.73,212,0,No,Ravenclaw,0,0,0,0,0,M,he,him,his,Harry Potter and the Chamber of Secrets,7/2/1998,6/2/1999,60,1,4.36,2,The Chamber of Secrets ('98),is,was
41,Ernie MacMillion,erni,The Chamber of Secrets (1998),0,0,3373,0.007708,0,26,0,No,Hufflepuff,0,0,0,0,0,M,he,him,his,Harry Potter and the Chamber of Secrets,7/2/1998,6/2/1999,60,1,4.36,2,The Chamber of Secrets ('98),is,was
42,Fawkes,fawk,The Chamber of Secrets (1998),3,0.111111,3373,0.008005,374.78,27,0,No,None (Non-Human),0,0,0,0,0,M,he,him,his,Harry Potter and the Chamber of Secrets,7/2/1998,6/2/1999,60,1,4.36,2,The Chamber of Secrets ('98),is,was
43,Cho Chang,choc,The Chamber of Secrets (1998),0,0,3373,0.043285,0,146,0,No,Ravenclaw,0,0,0,0,0,F,she,her,her,Harry Potter and the Chamber of Secrets,7/2/1998,6/2/1999,60,1,4.36,2,The Chamber of Secrets ('98),is,was
44,Dean Thomas,dean,The Chamber of Secrets (1998),0,0,3373,0.004447,0,15,0,No,Gryffindor,0,0,0,0,0,M,he,him,his,Harry Potter and the Chamber of Secrets,7/2/1998,6/2/1999,60,1,4.36,2,The Chamber of Secrets ('98),is,was
45,Peeves,peev,The Chamber of Secrets (1998),0,0,3373,0.006522,0,22,1,No,None (Non-Human),0,0,0,0,0,M,he,him,his,Harry Potter and the Chamber of Secrets,7/2/1998,6/2/1999,60,1,4.36,2,The Chamber of Secrets ('98),is,was
46,Percy Weasley,perc,The Chamber of Secrets (1998),0,0,3373,0.02016,0,68,0,No,Gryffindor,0,0,0,0,0,M,he,him,his,Harry Potter and the Chamber of Secrets,7/2/1998,6/2/1999,60,1,4.36,2,The Chamber of Secrets ('98),is,was
47,Seamus Finnegan,seam,The Chamber of Secrets (1998),0,0,3373,0.00504,0,17,0,No,Gryffindor,0,0,0,0,0,M,he,him,his,Harry Potter and the Chamber of Secrets,7/2/1998,6/2/1999,60,1,4.36,2,The Chamber of Secrets ('98),is,was
48,Colin Creevey,coli,The Chamber of Secrets (1998),0,0,3373,0.012452,0,42,0,No,Gryffindor,0,0,0,0,0,M,he,him,his,Harry Potter and the Chamber of Secrets,7/2/1998,6/2/1999,60,1,4.36,2,The Chamber of Secrets ('98),is,was
49,Greggory Goyle,goyl,The Chamber of Secrets (1998),0,0,3373,0.009784,0,33,0,Yes,Slytherin,0,0,0,0,0,M,he,him,his,Harry Potter and the Chamber of Secrets,7/2/1998,6/2/1999,60,1,4.36,2,The Chamber of Secrets ('98),is,was
50,Justin Finch-Fletchley,just,The Chamber of Secrets (1998),0,0,3373,0.010969,0,37,0,No,Hufflepuff,0,0,0,0,0,M,he,him,his,Harry Potter and the Chamber of Secrets,7/2/1998,6/2/1999,60,1,4.36,2,The Chamber of Secrets ('98),is,was
51,Madam Pince,pinc,The Chamber of Secrets (1998),0,0,3373,0.004447,0,15,0,No,Unknown,0,0,0,0,0,F,she,her,her,Harry Potter and the Chamber of Secrets,7/2/1998,6/2/1999,60,1,4.36,2,The Chamber of Secrets ('98),is,was
52,Harry Potter,harr,The Prisoner of Azkaban (1999),26,0.015644,4092,0.406158,64.01,1662,0,No,Gryffindor,0,2,0,0,0,M,he,him,his,Harry Potter and the Prisoner of Azkaban,7/8/1999,9/8/1999,60,1,4.52,3,The Prisoner of Azkaban ('99),is,was
53,Hermione Granger,herm,The Prisoner of Azkaban (1999),4,0.006656,4092,0.146872,27.23,601,0,No,Gryffindor,0,0,0,0,0,F,she,her,her,Harry Potter and the Prisoner of Azkaban,7/8/1999,9/8/1999,60,1,4.52,3,The Prisoner of Azkaban ('99),is,was
54,Voldemort,vold,The Prisoner of Azkaban (1999),0,0,4092,0.009775,0,40,0,Yes,Slytherin,0,0,0,0,0,M,he,him,his,Harry Potter and the Prisoner of Azkaban,7/8/1999,9/8/1999,60,1,4.52,3,The Prisoner of Azkaban ('99),is,was
55,Ron Weasley,ronw,The Prisoner of Azkaban (1999),2,0.002309,4092,0.211632,9.45,866,0,No,Gryffindor,0,0,0,0,0,M,he,him,his,Harry Potter and the Prisoner of Azkaban,7/8/1999,9/8/1999,60,1,4.52,3,The Prisoner of Azkaban ('99),is,was
56,Severus Snape,snap,The Prisoner of Azkaban (1999),1,0.004274,4092,0.057185,17.49,234,0,No,Slytherin,0,0,0,0,0,M,he,him,his,Harry Potter and the Prisoner of Azkaban,7/8/1999,9/8/1999,60,1,4.52,3,The Prisoner of Azkaban ('99),is,was
57,Albus Dumbledore,albu,The Prisoner of Azkaban (1999),1,0.006993,4092,0.034946,28.62,143,0,No,Gryffindor,1,0,0,0,0,M,he,him,his,Harry Potter and the Prisoner of Azkaban,7/8/1999,9/8/1999,60,1,4.52,3,The Prisoner of Azkaban ('99),is,was
58,Boggart,bogg,The Prisoner of Azkaban (1999),13,0.371429,4092,0.008553,"1,519.89",35,1,No,None (Non-Human),0,0,0,0,0,N,it,it,its,Harry Potter and the Prisoner of Azkaban,7/8/1999,9/8/1999,60,1,4.52,3,The Prisoner of Azkaban ('99),is,was
59,Neville Longbottom,nevi,The Prisoner of Azkaban (1999),2,0.021277,4092,0.022972,87.06,94,0,No,Gryffindor,0,0,0,0,0,M,he,him,his,Harry Potter and the Prisoner of Azkaban,7/8/1999,9/8/1999,60,1,4.52,3,The Prisoner of Azkaban ('99),is,was
60,Dementors,deme,The Prisoner of Azkaban (1999),6,0.046512,4092,0.031525,190.33,129,1,Yes,None (Non-Human),0,0,0,0,0,T,they,them,their,Harry Potter and the Prisoner of Azkaban,7/8/1999,9/8/1999,60,1,4.52,3,The Prisoner of Azkaban ('99),are,were
61,Remus Lupin,remu,The Prisoner of Azkaban (1999),7,0.018182,4092,0.094086,74.4,385,0,No,Gryffindor,0,1,0,0,0,M,he,him,his,Harry Potter and the Prisoner of Azkaban,7/8/1999,9/8/1999,60,1,4.52,3,The Prisoner of Azkaban ('99),is,was
62,Minerva McGonagall,mcgo,The Prisoner of Azkaban (1999),0,0,4092,0.023949,0,98,0,No,Gryffindor,0,0,0,0,0,F,she,her,her,Harry Potter and the Prisoner of Azkaban,7/8/1999,9/8/1999,60,1,4.52,3,The Prisoner of Azkaban ('99),is,was
63,Sirius Black,siri,The Prisoner of Azkaban (1999),6,0.04918,4092,0.029814,201.25,122,0,No,Gryffindor,0,1,0,0,0,M,he,him,his,Harry Potter and the Prisoner of Azkaban,7/8/1999,9/8/1999,60,1,4.52,3,The Prisoner of Azkaban ('99),is,was
64,Peter Pettigrew,worm,The Prisoner of Azkaban (1999),3,0.03125,4092,0.02346,127.88,96,0,Yes,Gryffindor,0,0,0,0,0,M,he,him,his,Harry Potter and the Prisoner of Azkaban,7/8/1999,9/8/1999,60,1,4.52,3,The Prisoner of Azkaban ('99),is,was
65,Ginny Weasley,ginn,The Prisoner of Azkaban (1999),0,0,4092,0.004399,0,18,0,No,Gryffindor,0,0,0,0,0,F,she,her,her,Harry Potter and the Prisoner of Azkaban,7/8/1999,9/8/1999,60,1,4.52,3,The Prisoner of Azkaban ('99),is,was
66,Thorfinn Rowle,rowl,The Prisoner of Azkaban (1999),0,0,4092,0.002688,0,11,0,Yes,Slytherin,0,0,0,0,0,M,he,him,his,Harry Potter and the Prisoner of Azkaban,7/8/1999,9/8/1999,60,1,4.52,3,The Prisoner of Azkaban ('99),is,was
67,Whomping Willow,will,The Prisoner of Azkaban (1999),1,0.041667,4092,0.005865,170.5,24,1,No,None (Non-Human),0,0,0,0,0,N,it,it,its,Harry Potter and the Prisoner of Azkaban,7/8/1999,9/8/1999,60,1,4.52,3,The Prisoner of Azkaban ('99),is,was
68,Vincent Crabbe,crab,The Prisoner of Azkaban (1999),0,0,4092,0.00782,0,32,0,Yes,Slytherin,0,0,0,0,0,M,he,him,his,Harry Potter and the Prisoner of Azkaban,7/8/1999,9/8/1999,60,1,4.52,3,The Prisoner of Azkaban ('99),is,was
69,Fred Weasley,fred,The Prisoner of Azkaban (1999),0,0,4092,0.017595,0,72,0,No,Gryffindor,0,0,0,0,0,M,he,him,his,Harry Potter and the Prisoner of Azkaban,7/8/1999,9/8/1999,60,1,4.52,3,The Prisoner of Azkaban ('99),is,was
70,George Weasley,geor,The Prisoner of Azkaban (1999),0,0,4092,0.014663,0,60,0,No,Gryffindor,0,0,0,0,0,M,he,him,his,Harry Potter and the Prisoner of Azkaban,7/8/1999,9/8/1999,60,1,4.52,3,The Prisoner of Azkaban ('99),is,was
71,James Potter,jame,The Prisoner of Azkaban (1999),0,0,4092,0.007576,0,31,0,No,Gryffindor,0,0,0,0,0,M,he,him,his,Harry Potter and the Prisoner of Azkaban,7/8/1999,9/8/1999,60,1,4.52,3,The Prisoner of Azkaban ('99),is,was
72,Filius Flitwick,flit,The Prisoner of Azkaban (1999),0,0,4092,0.005376,0,22,0,No,Ravenclaw,0,0,0,0,0,M,he,him,his,Harry Potter and the Prisoner of Azkaban,7/8/1999,9/8/1999,60,1,4.52,3,The Prisoner of Azkaban ('99),is,was
73,Rubeus Hagrid,hagr,The Prisoner of Azkaban (1999),0,0,4092,0.054985,0,225,0,No,Gryffindor,0,0,0,0,0,M,he,him,his,Harry Potter and the Prisoner of Azkaban,7/8/1999,9/8/1999,60,1,4.52,3,The Prisoner of Azkaban ('99),is,was
74,Parvati Patil,parv,The Prisoner of Azkaban (1999),1,0.055556,4092,0.004399,227.33,18,0,No,Gryffindor,0,0,0,0,0,F,she,her,her,Harry Potter and the Prisoner of Azkaban,7/8/1999,9/8/1999,60,1,4.52,3,The Prisoner of Azkaban ('99),is,was
75,Buckbeak,buck,The Prisoner of Azkaban (1999),1,0.012195,4092,0.020039,49.9,82,1,No,None (Non-Human),0,0,0,0,0,M,he,him,his,Harry Potter and the Prisoner of Azkaban,7/8/1999,9/8/1999,60,1,4.52,3,The Prisoner of Azkaban ('99),is,was
76,Cho Chang,choc,The Prisoner of Azkaban (1999),0,0,4092,0.034457,0,141,0,No,Ravenclaw,0,0,0,0,0,F,she,her,her,Harry Potter and the Prisoner of Azkaban,7/8/1999,9/8/1999,60,1,4.52,3,The Prisoner of Azkaban ('99),is,was
77,Dean Thomas,dean,The Prisoner of Azkaban (1999),1,0.058824,4092,0.004154,240.71,17,0,No,Gryffindor,0,0,0,0,0,M,he,him,his,Harry Potter and the Prisoner of Azkaban,7/8/1999,9/8/1999,60,1,4.52,3,The Prisoner of Azkaban ('99),is,was
78,Peeves,peev,The Prisoner of Azkaban (1999),0,0,4092,0.004399,0,18,1,No,None (Non-Human),0,0,0,0,0,M,he,him,his,Harry Potter and the Prisoner of Azkaban,7/8/1999,9/8/1999,60,1,4.52,3,The Prisoner of Azkaban ('99),is,was
79,Percy Weasley,perc,The Prisoner of Azkaban (1999),0,0,4092,0.015396,0,63,0,No,Gryffindor,0,0,0,0,0,M,he,him,his,Harry Potter and the Prisoner of Azkaban,7/8/1999,9/8/1999,60,1,4.52,3,The Prisoner of Azkaban ('99),is,was
80,Seamus Finnegan,seam,The Prisoner of Azkaban (1999),1,0.055556,4092,0.004399,227.33,18,0,No,Gryffindor,0,0,0,0,0,M,he,him,his,Harry Potter and the Prisoner of Azkaban,7/8/1999,9/8/1999,60,1,4.52,3,The Prisoner of Azkaban ('99),is,was
81,Sybill Trelawney,trel,The Prisoner of Azkaban (1999),0,0,4092,0.01955,0,80,0,No,Ravenclaw,0,0,0,0,0,F,she,her,her,Harry Potter and the Prisoner of Azkaban,7/8/1999,9/8/1999,60,1,4.52,3,The Prisoner of Azkaban ('99),is,was
82,Greggory Goyle,goyl,The Prisoner of Azkaban (1999),0,0,4092,0.008553,0,35,0,Yes,Slytherin,0,0,0,0,0,M,he,him,his,Harry Potter and the Prisoner of Azkaban,7/8/1999,9/8/1999,60,1,4.52,3,The Prisoner of Azkaban ('99),is,was
83,Madam Hooch,hooc,The Prisoner of Azkaban (1999),0,0,4092,0.005132,0,21,0,No,Unknown,0,0,0,0,0,F,she,her,her,Harry Potter and the Prisoner of Azkaban,7/8/1999,9/8/1999,60,1,4.52,3,The Prisoner of Azkaban ('99),is,was
84,Harry Potter,harr,The Goblet of Fire (2000),20,0.007713,6803,0.381155,52.47,2593,0,No,Gryffindor,5,2,0,0,6,M,he,him,his,Harry Potter and the Goblet of Fire,7/8/2000,7/8/2000,55,4,4.52,4,The Goblet of Fire ('00),is,was
85,Hermione Granger,herm,The Goblet of Fire (2000),2,0.002436,6803,0.120682,16.57,821,0,No,Gryffindor,0,0,0,0,0,F,she,her,her,Harry Potter and the Goblet of Fire,7/8/2000,7/8/2000,55,4,4.52,4,The Goblet of Fire ('00),is,was
86,Voldemort,vold,The Goblet of Fire (2000),11,0.055838,6803,0.028958,379.86,197,0,Yes,Slytherin,1,0,4,1,0,M,he,him,his,Harry Potter and the Goblet of Fire,7/8/2000,7/8/2000,55,4,4.52,4,The Goblet of Fire ('00),is,was
87,Ron Weasley,ronw,The Goblet of Fire (2000),3,0.002515,6803,0.175364,17.11,1193,0,No,Gryffindor,0,0,0,0,1,M,he,him,his,Harry Potter and the Goblet of Fire,7/8/2000,7/8/2000,55,4,4.52,4,The Goblet of Fire ('00),is,was
88,Severus Snape,snap,The Goblet of Fire (2000),0,0,6803,0.030134,0,205,0,No,Slytherin,0,0,0,0,0,M,he,him,his,Harry Potter and the Goblet of Fire,7/8/2000,7/8/2000,55,4,4.52,4,The Goblet of Fire ('00),is,was
89,Albus Dumbledore,albu,The Goblet of Fire (2000),1,0.001972,6803,0.074526,13.42,507,0,No,Gryffindor,0,0,0,0,0,M,he,him,his,Harry Potter and the Goblet of Fire,7/8/2000,7/8/2000,55,4,4.52,4,The Goblet of Fire ('00),is,was
90,Draco Malfoy,drac,The Goblet of Fire (2000),2,0.090909,6803,0.003234,618.45,22,0,Yes,Slytherin,0,0,0,0,0,M,he,him,his,Harry Potter and the Goblet of Fire,7/8/2000,7/8/2000,55,4,4.52,4,The Goblet of Fire ('00),is,was
91,Neville Longbottom,nevi,The Goblet of Fire (2000),0,0,6803,0.009996,0,68,0,No,Gryffindor,0,0,0,0,0,M,he,him,his,Harry Potter and the Goblet of Fire,7/8/2000,7/8/2000,55,4,4.52,4,The Goblet of Fire ('00),is,was
92,Dementors,deme,The Goblet of Fire (2000),3,0.081081,6803,0.005439,551.59,37,1,Yes,None (Non-Human),0,0,0,0,0,T,they,them,their,Harry Potter and the Goblet of Fire,7/8/2000,7/8/2000,55,4,4.52,4,The Goblet of Fire ('00),are,were
93,Barty Crouch Jr.,croj,The Goblet of Fire (2000),12,0.5,6803,0.003528,"3,401.50",24,0,Yes,Slytherin,1,0,1,2,0,M,he,him,his,Harry Potter and the Goblet of Fire,7/8/2000,7/8/2000,55,4,4.52,4,The Goblet of Fire ('00),is,was
94,Minerva McGonagall,mcgo,The Goblet of Fire (2000),0,0,6803,0.013523,0,92,0,No,Gryffindor,0,0,0,0,0,F,she,her,her,Harry Potter and the Goblet of Fire,7/8/2000,7/8/2000,55,4,4.52,4,The Goblet of Fire ('00),is,was
95,Sirius Black,siri,The Goblet of Fire (2000),0,0,6803,0.026606,0,181,0,No,Gryffindor,0,0,0,0,0,M,he,him,his,Harry Potter and the Goblet of Fire,7/8/2000,7/8/2000,55,4,4.52,4,The Goblet of Fire ('00),is,was
96,Ginny Weasley,ginn,The Goblet of Fire (2000),0,0,6803,0.006321,0,43,0,No,Gryffindor,0,0,0,0,0,F,she,her,her,Harry Potter and the Goblet of Fire,7/8/2000,7/8/2000,55,4,4.52,4,The Goblet of Fire ('00),is,was
97,Thorfinn Rowle,rowl,The Goblet of Fire (2000),0,0,6803,0.004704,0,32,0,Yes,Slytherin,0,0,0,0,0,M,he,him,his,Harry Potter and the Goblet of Fire,7/8/2000,7/8/2000,55,4,4.52,4,The Goblet of Fire ('00),is,was
98,Vincent Crabbe,crab,The Goblet of Fire (2000),0,0,6803,0.005145,0,35,0,Yes,Slytherin,0,0,0,0,0,M,he,him,his,Harry Potter and the Goblet of Fire,7/8/2000,7/8/2000,55,4,4.52,4,The Goblet of Fire ('00),is,was
99,Dobby,dobb,The Goblet of Fire (2000),0,0,6803,0.016757,0,114,1,No,None (Non-Human),0,0,0,0,0,M,he,him,his,Harry Potter and the Goblet of Fire,7/8/2000,7/8/2000,55,4,4.52,4,The Goblet of Fire ('00),is,was
100,Fred Weasley,fred,The Goblet of Fire (2000),2,0.01105,6803,0.026606,75.17,181,0,No,Gryffindor,0,0,0,0,0,M,he,him,his,Harry Potter and the Goblet of Fire,7/8/2000,7/8/2000,55,4,4.52,4,The Goblet of Fire ('00),is,was
101,George Weasley,geor,The Goblet of Fire (2000),1,0.006494,6803,0.022637,44.18,154,0,No,Gryffindor,0,0,0,0,0,M,he,him,his,Harry Potter and the Goblet of Fire,7/8/2000,7/8/2000,55,4,4.52,4,The Goblet of Fire ('00),is,was
102,Arthur Weasley,arth,The Goblet of Fire (2000),1,0.03125,6803,0.004704,212.59,32,0,No,Gryffindor,1,0,0,0,0,M,he,him,his,Harry Potter and the Goblet of Fire,7/8/2000,7/8/2000,55,4,4.52,4,The Goblet of Fire ('00),is,was
103,Barty Crouch Sr.,cros,The Goblet of Fire (2000),4,0.166667,6803,0.003528,"1,133.83",24,0,No,Unknown,1,0,0,0,0,M,he,him,his,Harry Potter and the Goblet of Fire,7/8/2000,7/8/2000,55,4,4.52,4,The Goblet of Fire ('00),is,was
104,Filius Flitwick,flit,The Goblet of Fire (2000),0,0,6803,0.001911,0,13,0,No,Ravenclaw,0,0,0,0,0,M,he,him,his,Harry Potter and the Goblet of Fire,7/8/2000,7/8/2000,55,4,4.52,4,The Goblet of Fire ('00),is,was
105,Amos Diggory,amos,The Goblet of Fire (2000),3,0.107143,6803,0.004116,728.89,28,0,No,Unknown,1,0,0,0,0,M,he,him,his,Harry Potter and the Goblet of Fire,7/8/2000,7/8/2000,55,4,4.52,4,The Goblet of Fire ('00),is,was
106,Rubeus Hagrid,hagr,The Goblet of Fire (2000),0,0,6803,0.046009,0,313,0,No,Gryffindor,0,0,0,0,0,M,he,him,his,Harry Potter and the Goblet of Fire,7/8/2000,7/8/2000,55,4,4.52,4,The Goblet of Fire ('00),is,was
107,Cedric Diggory,cedr,The Goblet of Fire (2000),3,0.009868,6803,0.044686,67.13,304,0,No,Hufflepuff,1,0,0,0,0,M,he,him,his,Harry Potter and the Goblet of Fire,7/8/2000,7/8/2000,55,4,4.52,4,The Goblet of Fire ('00),is,was
108,Giants,gian,The Goblet of Fire (2000),0,0,6803,0.002058,0,14,1,Yes,None (Non-Human),0,0,0,0,0,T,they,them,their,Harry Potter and the Goblet of Fire,7/8/2000,7/8/2000,55,4,4.52,4,The Goblet of Fire ('00),are,were
109,Parvati Patil,parv,The Goblet of Fire (2000),0,0,6803,0.00588,0,40,0,No,Gryffindor,0,0,0,0,0,F,she,her,her,Harry Potter and the Goblet of Fire,7/8/2000,7/8/2000,55,4,4.52,4,The Goblet of Fire ('00),is,was
110,Cho Chang,choc,The Goblet of Fire (2000),0,0,6803,0.034691,0,236,0,No,Ravenclaw,0,0,0,0,0,F,she,her,her,Harry Potter and the Goblet of Fire,7/8/2000,7/8/2000,55,4,4.52,4,The Goblet of Fire ('00),is,was
111,Dean Thomas,dean,The Goblet of Fire (2000),0,0,6803,0.003528,0,24,0,No,Gryffindor,0,0,0,0,0,M,he,him,his,Harry Potter and the Goblet of Fire,7/8/2000,7/8/2000,55,4,4.52,4,The Goblet of Fire ('00),is,was
112,Viktor Krum,krum,The Goblet of Fire (2000),2,0.010582,6803,0.027782,71.99,189,0,No,Unknown,0,0,1,0,0,M,he,him,his,Harry Potter and the Goblet of Fire,7/8/2000,7/8/2000,55,4,4.52,4,The Goblet of Fire ('00),is,was
113,Madame Maxime,maxi,The Goblet of Fire (2000),0,0,6803,0.013376,0,91,0,No,Unknown,0,0,0,0,0,F,she,her,her,Harry Potter and the Goblet of Fire,7/8/2000,7/8/2000,55,4,4.52,4,The Goblet of Fire ('00),is,was
114,Alastor Moody,mood,The Goblet of Fire (2000),0,0,6803,0.046156,0,314,0,No,Unknown,0,0,0,0,0,M,he,him,his,Harry Potter and the Goblet of Fire,7/8/2000,7/8/2000,55,4,4.52,4,The Goblet of Fire ('00),is,was
115,Peeves,peev,The Goblet of Fire (2000),0,0,6803,0.004116,0,28,1,No,None (Non-Human),0,0,0,0,0,M,he,him,his,Harry Potter and the Goblet of Fire,7/8/2000,7/8/2000,55,4,4.52,4,The Goblet of Fire ('00),is,was
116,Percy Weasley,perc,The Goblet of Fire (2000),0,0,6803,0.015728,0,107,0,No,Gryffindor,0,0,0,0,0,M,he,him,his,Harry Potter and the Goblet of Fire,7/8/2000,7/8/2000,55,4,4.52,4,The Goblet of Fire ('00),is,was
117,Seamus Finnegan,seam,The Goblet of Fire (2000),0,0,6803,0.003822,0,26,0,No,Gryffindor,0,0,0,0,0,M,he,him,his,Harry Potter and the Goblet of Fire,7/8/2000,7/8/2000,55,4,4.52,4,The Goblet of Fire ('00),is,was
118,Sybill Trelawney,trel,The Goblet of Fire (2000),0,0,6803,0.004704,0,32,0,No,Ravenclaw,0,0,0,0,0,F,she,her,her,Harry Potter and the Goblet of Fire,7/8/2000,7/8/2000,55,4,4.52,4,The Goblet of Fire ('00),is,was
119,Colin Creevey,coli,The Goblet of Fire (2000),0,0,6803,0.003675,0,25,0,No,Gryffindor,0,0,0,0,0,M,he,him,his,Harry Potter and the Goblet of Fire,7/8/2000,7/8/2000,55,4,4.52,4,The Goblet of Fire ('00),is,was
120,Fleur Delacour,fleu,The Goblet of Fire (2000),1,0.011236,6803,0.013082,76.44,89,0,No,Unknown,0,0,0,0,0,F,she,her,her,Harry Potter and the Goblet of Fire,7/8/2000,7/8/2000,55,4,4.52,4,The Goblet of Fire ('00),is,was
121,Greggory Goyle,goyl,The Goblet of Fire (2000),0,0,6803,0.007056,0,48,0,Yes,Slytherin,0,0,0,0,0,M,he,him,his,Harry Potter and the Goblet of Fire,7/8/2000,7/8/2000,55,4,4.52,4,The Goblet of Fire ('00),is,was
122,Lee Jordan,leej,The Goblet of Fire (2000),0,0,6803,0.001764,0,12,0,No,Gryffindor,0,0,0,0,0,M,he,him,his,Harry Potter and the Goblet of Fire,7/8/2000,7/8/2000,55,4,4.52,4,The Goblet of Fire ('00),is,was
123,Harry Potter,harr,The Order of the Phoenix (2003),26,0.00741,9275,0.378329,68.72,3509,0,No,Gryffindor,3,0,1,0,5,M,he,him,his,Harry Potter and the Order of the Phoenix,6/21/2003,6/21/2003,55,2,4.46,5,The Order of the Phoenix ('03),is,was
124,Hermione Granger,herm,The Order of the Phoenix (2003),10,0.008006,9275,0.134663,74.26,1249,0,No,Gryffindor,2,0,0,0,0,F,she,her,her,Harry Potter and the Order of the Phoenix,6/21/2003,6/21/2003,55,2,4.46,5,The Order of the Phoenix ('03),is,was
125,Voldemort,vold,The Order of the Phoenix (2003),3,0.014563,9275,0.02221,135.07,206,0,Yes,Slytherin,0,0,1,1,0,M,he,him,his,Harry Potter and the Order of the Phoenix,6/21/2003,6/21/2003,55,2,4.46,5,The Order of the Phoenix ('03),is,was
126,Ron Weasley,ronw,The Order of the Phoenix (2003),8,0.005242,9275,0.164528,48.62,1526,0,No,Gryffindor,0,0,0,0,0,M,he,him,his,Harry Potter and the Order of the Phoenix,6/21/2003,6/21/2003,55,2,4.46,5,The Order of the Phoenix ('03),is,was
127,Bellatrix Lestrange,bell,The Order of the Phoenix (2003),15,0.283019,9275,0.005714,"2,625.00",53,0,Yes,Slytherin,5,0,3,0,0,F,she,her,her,Harry Potter and the Order of the Phoenix,6/21/2003,6/21/2003,55,2,4.46,5,The Order of the Phoenix ('03),is,was
128,Severus Snape,snap,The Order of the Phoenix (2003),8,0.02454,9275,0.035148,227.61,326,0,No,Slytherin,0,0,0,0,0,M,he,him,his,Harry Potter and the Order of the Phoenix,6/21/2003,6/21/2003,55,2,4.46,5,The Order of the Phoenix ('03),is,was
129,Albus Dumbledore,albu,The Order of the Phoenix (2003),11,0.019164,9275,0.061887,177.74,574,0,No,Gryffindor,0,0,0,0,0,M,he,him,his,Harry Potter and the Order of the Phoenix,6/21/2003,6/21/2003,55,2,4.46,5,The Order of the Phoenix ('03),is,was
130,Boggart,bogg,The Order of the Phoenix (2003),7,0.636364,9275,0.001186,"5,902.27",11,1,No,None (Non-Human),0,0,0,0,0,N,it,it,its,Harry Potter and the Order of the Phoenix,6/21/2003,6/21/2003,55,2,4.46,5,The Order of the Phoenix ('03),is,was
131,Draco Malfoy,drac,The Order of the Phoenix (2003),1,0.038462,9275,0.002803,356.73,26,0,Yes,Slytherin,0,0,0,0,0,M,he,him,his,Harry Potter and the Order of the Phoenix,6/21/2003,6/21/2003,55,2,4.46,5,The Order of the Phoenix ('03),is,was
132,Neville Longbottom,nevi,The Order of the Phoenix (2003),16,0.067511,9275,0.025553,626.16,237,0,No,Gryffindor,5,2,0,0,0,M,he,him,his,Harry Potter and the Order of the Phoenix,6/21/2003,6/21/2003,55,2,4.46,5,The Order of the Phoenix ('03),is,was
133,Dolores Umbridge,umbr,The Order of the Phoenix (2003),17,0.031657,9275,0.057898,293.62,537,0,Yes,Slytherin,1,0,0,0,0,F,she,her,her,Harry Potter and the Order of the Phoenix,6/21/2003,6/21/2003,55,2,4.46,5,The Order of the Phoenix ('03),is,was
134,Dementors,deme,The Order of the Phoenix (2003),0,0,9275,0.009488,0,88,1,Yes,None (Non-Human),0,0,0,0,0,T,they,them,their,Harry Potter and the Order of the Phoenix,6/21/2003,6/21/2003,55,2,4.46,5,The Order of the Phoenix ('03),are,were
135,Molly Weasley,moll,The Order of the Phoenix (2003),5,0.142857,9275,0.003774,"1,325.00",35,0,No,Gryffindor,0,0,0,0,0,F,she,her,her,Harry Potter and the Order of the Phoenix,6/21/2003,6/21/2003,55,2,4.46,5,The Order of the Phoenix ('03),is,was
136,Remus Lupin,remu,The Order of the Phoenix (2003),1,0.00625,9275,0.017251,57.97,160,0,No,Gryffindor,0,0,0,0,0,M,he,him,his,Harry Potter and the Order of the Phoenix,6/21/2003,6/21/2003,55,2,4.46,5,The Order of the Phoenix ('03),is,was
137,Minerva McGonagall,mcgo,The Order of the Phoenix (2003),0,0,9275,0.01876,0,174,0,No,Gryffindor,0,0,0,0,0,F,she,her,her,Harry Potter and the Order of the Phoenix,6/21/2003,6/21/2003,55,2,4.46,5,The Order of the Phoenix ('03),is,was
138,Sirius Black,siri,The Order of the Phoenix (2003),2,0.003623,9275,0.059515,33.61,552,0,No,Gryffindor,0,0,0,0,0,M,he,him,his,Harry Potter and the Order of the Phoenix,6/21/2003,6/21/2003,55,2,4.46,5,The Order of the Phoenix ('03),is,was
139,Antonin Dolohov,dolo,The Order of the Phoenix (2003),5,0.416667,9275,0.001294,"3,864.58",12,0,Yes,Slytherin,0,0,0,0,1,M,he,him,his,Harry Potter and the Order of the Phoenix,6/21/2003,6/21/2003,55,2,4.46,5,The Order of the Phoenix ('03),is,was
140,Ginny Weasley,ginn,The Order of the Phoenix (2003),3,0.013333,9275,0.024259,123.67,225,0,No,Gryffindor,0,0,0,0,0,F,she,her,her,Harry Potter and the Order of the Phoenix,6/21/2003,6/21/2003,55,2,4.46,5,The Order of the Phoenix ('03),is,was
141,Thorfinn Rowle,rowl,The Order of the Phoenix (2003),0,0,9275,0.002803,0,26,0,Yes,Slytherin,0,0,0,0,0,M,he,him,his,Harry Potter and the Order of the Phoenix,6/21/2003,6/21/2003,55,2,4.46,5,The Order of the Phoenix ('03),is,was
142,Vincent Crabbe,crab,The Order of the Phoenix (2003),0,0,9275,0.004097,0,38,0,Yes,Slytherin,0,0,0,0,0,M,he,him,his,Harry Potter and the Order of the Phoenix,6/21/2003,6/21/2003,55,2,4.46,5,The Order of the Phoenix ('03),is,was
143,Dobby,dobb,The Order of the Phoenix (2003),0,0,9275,0.00496,0,46,1,No,None (Non-Human),0,0,0,0,0,M,he,him,his,Harry Potter and the Order of the Phoenix,6/21/2003,6/21/2003,55,2,4.46,5,The Order of the Phoenix ('03),is,was
144,Fred Weasley,fred,The Order of the Phoenix (2003),2,0.006349,9275,0.033962,58.89,315,0,No,Gryffindor,0,0,0,0,0,M,he,him,his,Harry Potter and the Order of the Phoenix,6/21/2003,6/21/2003,55,2,4.46,5,The Order of the Phoenix ('03),is,was
145,George Weasley,geor,The Order of the Phoenix (2003),3,0.010791,9275,0.029973,100.09,278,0,No,Gryffindor,0,0,0,0,0,M,he,him,his,Harry Potter and the Order of the Phoenix,6/21/2003,6/21/2003,55,2,4.46,5,The Order of the Phoenix ('03),is,was
146,Luna Lovegood,luna,The Order of the Phoenix (2003),3,0.021898,9275,0.014771,203.1,137,0,No,Ravenclaw,0,0,0,0,0,F,she,her,her,Harry Potter and the Order of the Phoenix,6/21/2003,6/21/2003,55,2,4.46,5,The Order of the Phoenix ('03),is,was
147,James Potter,jame,The Order of the Phoenix (2003),5,0.087719,9275,0.006146,813.6,57,0,No,Gryffindor,0,1,0,0,1,M,he,him,his,Harry Potter and the Order of the Phoenix,6/21/2003,6/21/2003,55,2,4.46,5,The Order of the Phoenix ('03),is,was
148,Arthur Weasley,arth,The Order of the Phoenix (2003),0,0,9275,0.004744,0,44,0,No,Gryffindor,0,0,0,0,0,M,he,him,his,Harry Potter and the Order of the Phoenix,6/21/2003,6/21/2003,55,2,4.46,5,The Order of the Phoenix ('03),is,was
149,Filius Flitwick,flit,The Order of the Phoenix (2003),0,0,9275,0.002695,0,25,0,No,Ravenclaw,0,0,0,0,0,M,he,him,his,Harry Potter and the Order of the Phoenix,6/21/2003,6/21/2003,55,2,4.46,5,The Order of the Phoenix ('03),is,was
150,Kingsley Shacklebolt,king,The Order of the Phoenix (2003),1,0.022222,9275,0.004852,206.11,45,0,No,Unknown,0,0,0,0,0,M,he,him,his,Harry Potter and the Order of the Phoenix,6/21/2003,6/21/2003,55,2,4.46,5,The Order of the Phoenix ('03),is,was
151,Nymphadora Tonks,tonk,The Order of the Phoenix (2003),2,0.019608,9275,0.010997,181.86,102,0,No,Hufflepuff,1,0,0,0,0,F,she,her,her,Harry Potter and the Order of the Phoenix,6/21/2003,6/21/2003,55,2,4.46,5,The Order of the Phoenix ('03),is,was
152,Rubeus Hagrid,hagr,The Order of the Phoenix (2003),0,0,9275,0.044852,0,416,0,No,Gryffindor,0,0,0,0,0,M,he,him,his,Harry Potter and the Order of the Phoenix,6/21/2003,6/21/2003,55,2,4.46,5,The Order of the Phoenix ('03),is,was
153,Gilderoy Lockhart,lock,The Order of the Phoenix (2003),0,0,9275,0.001941,0,18,0,No,Ravenclaw,0,0,0,0,0,M,he,him,his,Harry Potter and the Order of the Phoenix,6/21/2003,6/21/2003,55,2,4.46,5,The Order of the Phoenix ('03),is,was
154,Cedric Diggory,cedr,The Order of the Phoenix (2003),0,0,9275,0.003774,0,35,0,No,Hufflepuff,0,0,0,0,0,M,he,him,his,Harry Potter and the Order of the Phoenix,6/21/2003,6/21/2003,55,2,4.46,5,The Order of the Phoenix ('03),is,was
155,Ernie MacMillion,erni,The Order of the Phoenix (2003),1,0.032258,9275,0.003342,299.19,31,0,No,Hufflepuff,0,0,0,0,0,M,he,him,his,Harry Potter and the Order of the Phoenix,6/21/2003,6/21/2003,55,2,4.46,5,The Order of the Phoenix ('03),is,was
156,Fawkes,fawk,The Order of the Phoenix (2003),0,0,9275,0.001509,0,14,1,No,None (Non-Human),0,0,0,0,0,M,he,him,his,Harry Potter and the Order of the Phoenix,6/21/2003,6/21/2003,55,2,4.46,5,The Order of the Phoenix ('03),is,was
157,Giants,gian,The Order of the Phoenix (2003),0,0,9275,0.002911,0,27,1,Yes,None (Non-Human),0,0,0,0,0,T,they,them,their,Harry Potter and the Order of the Phoenix,6/21/2003,6/21/2003,55,2,4.46,5,The Order of the Phoenix ('03),are,were
158,Kreacher,krea,The Order of the Phoenix (2003),0,0,9275,0.009811,0,91,1,No,None (Non-Human),0,0,0,0,0,M,he,him,his,Harry Potter and the Order of the Phoenix,6/21/2003,6/21/2003,55,2,4.46,5,The Order of the Phoenix ('03),is,was
159,Parvati Patil,parv,The Order of the Phoenix (2003),1,0.022222,9275,0.004852,206.11,45,0,No,Gryffindor,0,0,0,0,0,F,she,her,her,Harry Potter and the Order of the Phoenix,6/21/2003,6/21/2003,55,2,4.46,5,The Order of the Phoenix ('03),is,was
160,Centaurs,cent,The Order of the Phoenix (2003),0,0,9275,0.003881,0,36,1,No,None (Non-Human),0,0,0,0,0,T,they,them,their,Harry Potter and the Order of the Phoenix,6/21/2003,6/21/2003,55,2,4.46,5,The Order of the Phoenix ('03),are,were
161,Cho Chang,choc,The Order of the Phoenix (2003),2,0.005277,9275,0.040863,48.94,379,0,No,Ravenclaw,0,,0,0,0,F,she,her,her,Harry Potter and the Order of the Phoenix,6/21/2003,6/21/2003,55,2,4.46,5,The Order of the Phoenix ('03),is,was
162,Dean Thomas,dean,The Order of the Phoenix (2003),0,0,9275,0.005391,0,50,0,No,Gryffindor,0,0,0,0,0,M,he,him,his,Harry Potter and the Order of the Phoenix,6/21/2003,6/21/2003,55,2,4.46,5,The Order of the Phoenix ('03),is,was
163,Alastor Moody,mood,The Order of the Phoenix (2003),1,0.01087,9275,0.009919,100.82,92,0,No,Unknown,0,0,0,0,0,M,he,him,his,Harry Potter and the Order of the Phoenix,6/21/2003,6/21/2003,55,2,4.46,5,The Order of the Phoenix ('03),is,was
164,Peeves,peev,The Order of the Phoenix (2003),0,0,9275,0.002803,0,26,1,No,None (Non-Human),0,0,0,0,0,M,he,him,his,Harry Potter and the Order of the Phoenix,6/21/2003,6/21/2003,55,2,4.46,5,The Order of the Phoenix ('03),is,was
165,Percy Weasley,perc,The Order of the Phoenix (2003),0,0,9275,0.00593,0,55,0,No,Gryffindor,0,0,0,0,0,M,he,him,his,Harry Potter and the Order of the Phoenix,6/21/2003,6/21/2003,55,2,4.46,5,The Order of the Phoenix ('03),is,was
166,Seamus Finnegan,seam,The Order of the Phoenix (2003),0,0,9275,0.00593,0,55,0,No,Gryffindor,0,0,0,0,0,M,he,him,his,Harry Potter and the Order of the Phoenix,6/21/2003,6/21/2003,55,2,4.46,5,The Order of the Phoenix ('03),is,was
167,Sybill Trelawney,trel,The Order of the Phoenix (2003),0,0,9275,0.008841,0,82,0,No,Ravenclaw,0,0,0,0,0,F,she,her,her,Harry Potter and the Order of the Phoenix,6/21/2003,6/21/2003,55,2,4.46,5,The Order of the Phoenix ('03),is,was
168,Greggory Goyle,goyl,The Order of the Phoenix (2003),0,0,9275,0.005283,0,49,0,Yes,Slytherin,0,0,0,0,0,M,he,him,his,Harry Potter and the Order of the Phoenix,6/21/2003,6/21/2003,55,2,4.46,5,The Order of the Phoenix ('03),is,was
169,Grawp,graw,The Order of the Phoenix (2003),0,0,9275,0.004528,0,42,1,No,None (Non-Human),0,0,0,0,0,M,he,him,his,Harry Potter and the Order of the Phoenix,6/21/2003,6/21/2003,55,2,4.46,5,The Order of the Phoenix ('03),is,was
170,Lee Jordan,leej,The Order of the Phoenix (2003),0,0,9275,0.001402,0,13,0,No,Gryffindor,0,0,0,0,0,M,he,him,his,Harry Potter and the Order of the Phoenix,6/21/2003,6/21/2003,55,2,4.46,5,The Order of the Phoenix ('03),is,was
171,Mundungus Fletcher,mund,The Order of the Phoenix (2003),0,0,9275,0.006146,0,57,0,No,Unknown,0,0,0,0,0,M,he,him,his,Harry Potter and the Order of the Phoenix,6/21/2003,6/21/2003,55,2,4.46,5,The Order of the Phoenix ('03),is,was
172,Harry Potter,harr,The Half-Blood Prince (2005),33,0.014417,6654,0.344004,95.93,2289,0,No,Gryffindor,1,0,0,0,3,M,he,him,his,Harry Potter and the Half-Blood Prince,7/16/2005,7/16/2005,65,7,4.53,6,The Half-Blood Prince ('05),is,was
173,Hermione Granger,herm,The Half-Blood Prince (2005),4,0.006299,6654,0.095431,41.91,635,0,No,Gryffindor,0,0,0,0,0,F,she,her,her,Harry Potter and the Half-Blood Prince,7/16/2005,7/16/2005,65,7,4.53,6,The Half-Blood Prince ('05),is,was
174,Voldemort,vold,The Half-Blood Prince (2005),15,0.068807,6654,0.032762,457.84,218,0,Yes,Slytherin,0,0,0,0,0,M,he,him,his,Harry Potter and the Half-Blood Prince,7/16/2005,7/16/2005,65,7,4.53,6,The Half-Blood Prince ('05),is,was
175,Ron Weasley,ronw,The Half-Blood Prince (2005),3,0.00308,6654,0.146378,20.49,974,0,No,Gryffindor,0,0,0,0,0,M,he,him,his,Harry Potter and the Half-Blood Prince,7/16/2005,7/16/2005,65,7,4.53,6,The Half-Blood Prince ('05),is,was
176,Bellatrix Lestrange,bell,The Half-Blood Prince (2005),2,0.181818,6654,0.001653,"1,209.82",11,0,Yes,Slytherin,0,0,0,0,0,F,she,her,her,Harry Potter and the Half-Blood Prince,7/16/2005,7/16/2005,65,7,4.53,6,The Half-Blood Prince ('05),is,was
177,Severus Snape,snap,The Half-Blood Prince (2005),12,0.045283,6654,0.039826,301.31,265,0,No,Slytherin,1,0,0,1,0,M,he,him,his,Harry Potter and the Half-Blood Prince,7/16/2005,7/16/2005,65,7,4.53,6,The Half-Blood Prince ('05),is,was
178,Albus Dumbledore,albu,The Half-Blood Prince (2005),9,0.010551,6654,0.128194,70.21,853,0,No,Gryffindor,0,1,0,0,0,M,he,him,his,Harry Potter and the Half-Blood Prince,7/16/2005,7/16/2005,65,7,4.53,6,The Half-Blood Prince ('05),is,was
179,Draco Malfoy,drac,The Half-Blood Prince (2005),10,0.185185,6654,0.008115,"1,232.22",54,0,Yes,Slytherin,0,1,1,0,0,M,he,him,his,Harry Potter and the Half-Blood Prince,7/16/2005,7/16/2005,65,7,4.53,6,The Half-Blood Prince ('05),is,was
180,Neville Longbottom,nevi,The Half-Blood Prince (2005),1,0.016393,6654,0.009167,109.08,61,0,No,Gryffindor,0,0,0,0,0,M,he,him,his,Harry Potter and the Half-Blood Prince,7/16/2005,7/16/2005,65,7,4.53,6,The Half-Blood Prince ('05),is,was
181,Dolores Umbridge,umbr,The Half-Blood Prince (2005),0,0,6654,0.001803,0,12,0,Yes,Slytherin,0,0,0,0,0,F,she,her,her,Harry Potter and the Half-Blood Prince,7/16/2005,7/16/2005,65,7,4.53,6,The Half-Blood Prince ('05),is,was
182,Dementors,deme,The Half-Blood Prince (2005),0,0,6654,0.002405,0,16,1,Yes,None (Non-Human),0,0,0,0,0,T,they,them,their,Harry Potter and the Half-Blood Prince,7/16/2005,7/16/2005,65,7,4.53,6,The Half-Blood Prince ('05),are,were
183,Molly Weasley,moll,The Half-Blood Prince (2005),0,0,6654,0.002254,0,15,0,No,Gryffindor,0,0,0,0,0,F,she,her,her,Harry Potter and the Half-Blood Prince,7/16/2005,7/16/2005,65,7,4.53,6,The Half-Blood Prince ('05),is,was
184,Remus Lupin,remu,The Half-Blood Prince (2005),0,0,6654,0.010069,0,67,0,No,Gryffindor,0,0,0,0,0,M,he,him,his,Harry Potter and the Half-Blood Prince,7/16/2005,7/16/2005,65,7,4.53,6,The Half-Blood Prince ('05),is,was
185,Minerva McGonagall,mcgo,The Half-Blood Prince (2005),0,0,6654,0.012023,0,80,0,No,Gryffindor,0,0,0,0,0,F,she,her,her,Harry Potter and the Half-Blood Prince,7/16/2005,7/16/2005,65,7,4.53,6,The Half-Blood Prince ('05),is,was
186,Sirius Black,siri,The Half-Blood Prince (2005),1,0.022222,6654,0.006763,147.87,45,0,No,Gryffindor,0,0,0,0,0,M,he,him,his,Harry Potter and the Half-Blood Prince,7/16/2005,7/16/2005,65,7,4.53,6,The Half-Blood Prince ('05),is,was
187,Ginny Weasley,ginn,The Half-Blood Prince (2005),2,0.009615,6654,0.031259,63.98,208,0,No,Gryffindor,0,0,0,0,0,F,she,her,her,Harry Potter and the Half-Blood Prince,7/16/2005,7/16/2005,65,7,4.53,6,The Half-Blood Prince ('05),is,was
188,Vincent Crabbe,crab,The Half-Blood Prince (2005),0,0,6654,0.004058,0,27,0,Yes,Slytherin,0,0,0,0,0,M,he,him,his,Harry Potter and the Half-Blood Prince,7/16/2005,7/16/2005,65,7,4.53,6,The Half-Blood Prince ('05),is,was
189,Dobby,dobb,The Half-Blood Prince (2005),1,0.043478,6654,0.003457,289.3,23,1,No,None (Non-Human),0,0,0,0,0,M,he,him,his,Harry Potter and the Half-Blood Prince,7/16/2005,7/16/2005,65,7,4.53,6,The Half-Blood Prince ('05),is,was
190,Fred Weasley,fred,The Half-Blood Prince (2005),0,0,6654,0.011271,0,75,0,No,Gryffindor,0,0,0,0,0,M,he,him,his,Harry Potter and the Half-Blood Prince,7/16/2005,7/16/2005,65,7,4.53,6,The Half-Blood Prince ('05),is,was
191,George Weasley,geor,The Half-Blood Prince (2005),0,0,6654,0.009017,0,60,0,No,Gryffindor,0,0,0,0,0,M,he,him,his,Harry Potter and the Half-Blood Prince,7/16/2005,7/16/2005,65,7,4.53,6,The Half-Blood Prince ('05),is,was
192,Luna Lovegood,luna,The Half-Blood Prince (2005),0,0,6654,0.008416,0,56,0,No,Ravenclaw,0,0,0,0,0,F,she,her,her,Harry Potter and the Half-Blood Prince,7/16/2005,7/16/2005,65,7,4.53,6,The Half-Blood Prince ('05),is,was
193,Arthur Weasley,arth,The Half-Blood Prince (2005),0,0,6654,0.002855,0,19,0,No,Gryffindor,0,0,0,0,0,M,he,him,his,Harry Potter and the Half-Blood Prince,7/16/2005,7/16/2005,65,7,4.53,6,The Half-Blood Prince ('05),is,was
194,Filius Flitwick,flit,The Half-Blood Prince (2005),0,0,6654,0.002405,0,16,0,No,Ravenclaw,0,0,0,0,0,M,he,him,his,Harry Potter and the Half-Blood Prince,7/16/2005,7/16/2005,65,7,4.53,6,The Half-Blood Prince ('05),is,was
195,Nymphadora Tonks,tonk,The Half-Blood Prince (2005),0,0,6654,0.008717,0,58,0,No,Hufflepuff,0,0,0,0,0,F,she,her,her,Harry Potter and the Half-Blood Prince,7/16/2005,7/16/2005,65,7,4.53,6,The Half-Blood Prince ('05),is,was
196,Rubeus Hagrid,hagr,The Half-Blood Prince (2005),0,0,6654,0.029606,0,197,0,No,Gryffindor,0,0,0,0,0,M,he,him,his,Harry Potter and the Half-Blood Prince,7/16/2005,7/16/2005,65,7,4.53,6,The Half-Blood Prince ('05),is,was
197,Ernie MacMillion,erni,The Half-Blood Prince (2005),1,0.055556,6654,0.002705,369.67,18,0,No,Hufflepuff,0,0,0,0,0,M,he,him,his,Harry Potter and the Half-Blood Prince,7/16/2005,7/16/2005,65,7,4.53,6,The Half-Blood Prince ('05),is,was
198,Fernir Greyback,grey,The Half-Blood Prince (2005),1,0.043478,6654,0.003457,289.3,23,1,Yes,Slytherin,0,0,0,0,0,M,he,him,his,Harry Potter and the Half-Blood Prince,7/16/2005,7/16/2005,65,7,4.53,6,The Half-Blood Prince ('05),is,was
199,Kreacher,krea,The Half-Blood Prince (2005),0,0,6654,0.00526,0,35,1,No,None (Non-Human),0,0,0,0,0,M,he,him,his,Harry Potter and the Half-Blood Prince,7/16/2005,7/16/2005,65,7,4.53,6,The Half-Blood Prince ('05),is,was
200,Morfin Gaunt,morf,The Half-Blood Prince (2005),3,0.058824,6654,0.007665,391.41,51,0,Yes,Unknown,0,0,0,0,0,M,he,him,his,Harry Potter and the Half-Blood Prince,7/16/2005,7/16/2005,65,7,4.53,6,The Half-Blood Prince ('05),is,was
201,Parvati Patil,parv,The Half-Blood Prince (2005),0,0,6654,0.002405,0,16,0,No,Gryffindor,0,0,0,0,0,F,she,her,her,Harry Potter and the Half-Blood Prince,7/16/2005,7/16/2005,65,7,4.53,6,The Half-Blood Prince ('05),is,was
202,Horace Slughorn,slug,The Half-Blood Prince (2005),2,0.005495,6654,0.054704,36.56,364,0,No,Slytherin,0,0,0,0,0,M,he,him,his,Harry Potter and the Half-Blood Prince,7/16/2005,7/16/2005,65,7,4.53,6,The Half-Blood Prince ('05),is,was
203,Cho Chang,choc,The Half-Blood Prince (2005),0,0,6654,0.034265,0,228,0,No,Ravenclaw,0,0,0,0,0,F,she,her,her,Harry Potter and the Half-Blood Prince,7/16/2005,7/16/2005,65,7,4.53,6,The Half-Blood Prince ('05),is,was
204,Dean Thomas,dean,The Half-Blood Prince (2005),0,0,6654,0.007063,0,47,0,No,Gryffindor,0,0,0,0,0,M,he,him,his,Harry Potter and the Half-Blood Prince,7/16/2005,7/16/2005,65,7,4.53,6,The Half-Blood Prince ('05),is,was
205,Peeves,peev,The Half-Blood Prince (2005),1,0.090909,6654,0.001653,604.91,11,1,No,None (Non-Human),0,0,0,0,0,M,he,him,his,Harry Potter and the Half-Blood Prince,7/16/2005,7/16/2005,65,7,4.53,6,The Half-Blood Prince ('05),is,was
206,Percy Weasley,perc,The Half-Blood Prince (2005),0,0,6654,0.002705,0,18,0,No,Gryffindor,0,0,0,0,0,M,he,him,his,Harry Potter and the Half-Blood Prince,7/16/2005,7/16/2005,65,7,4.53,6,The Half-Blood Prince ('05),is,was
207,Seamus Finnegan,seam,The Half-Blood Prince (2005),0,0,6654,0.002555,0,17,0,No,Gryffindor,0,0,0,0,0,M,he,him,his,Harry Potter and the Half-Blood Prince,7/16/2005,7/16/2005,65,7,4.53,6,The Half-Blood Prince ('05),is,was
208,Sybill Trelawney,trel,The Half-Blood Prince (2005),0,0,6654,0.005711,0,38,0,No,Ravenclaw,0,0,0,0,0,F,she,her,her,Harry Potter and the Half-Blood Prince,7/16/2005,7/16/2005,65,7,4.53,6,The Half-Blood Prince ('05),is,was
209,Fleur Delacour,fleu,The Half-Blood Prince (2005),0,0,6654,0.006763,0,45,0,No,Unknown,0,0,0,0,0,F,she,her,her,Harry Potter and the Half-Blood Prince,7/16/2005,7/16/2005,65,7,4.53,6,The Half-Blood Prince ('05),is,was
210,Greggory Goyle,goyl,The Half-Blood Prince (2005),0,0,6654,0.00511,0,34,0,Yes,Slytherin,0,0,0,0,0,M,he,him,his,Harry Potter and the Half-Blood Prince,7/16/2005,7/16/2005,65,7,4.53,6,The Half-Blood Prince ('05),is,was
211,Marvolo Guant,marv,The Half-Blood Prince (2005),1,0.019608,6654,0.007665,130.47,51,0,No,Unknown,0,0,0,0,0,M,he,him,his,Harry Potter and the Half-Blood Prince,7/16/2005,7/16/2005,65,7,4.53,6,The Half-Blood Prince ('05),is,was
212,Mundungus Fletcher,mund,The Half-Blood Prince (2005),0,0,6654,0.003006,0,20,0,No,Unknown,0,0,0,0,0,M,he,him,his,Harry Potter and the Half-Blood Prince,7/16/2005,7/16/2005,65,7,4.53,6,The Half-Blood Prince ('05),is,was
213,Bob Ogden,ogde,The Half-Blood Prince (2005),1,0.017241,6654,0.008717,114.72,58,0,No,Unknown,0,0,0,0,0,M,he,him,his,Harry Potter and the Half-Blood Prince,7/16/2005,7/16/2005,65,7,4.53,6,The Half-Blood Prince ('05),is,was
214,Harry Potter,harr,The Deathly Hallows (2007),48,0.018405,6861,0.38012,126.28,2608,0,No,Gryffindor,7,3,1,0,1,M,he,him,his,Harry Potter and the Deathly Hallows,7/21/2007,7/21/2007,50,24,4.61,7,The Deathly Hallows ('07),is,was
215,Hermione Granger,herm,The Deathly Hallows (2007),44,0.039007,6861,0.164408,267.63,1128,0,No,Gryffindor,1,1,0,0,0,F,she,her,her,Harry Potter and the Deathly Hallows,7/21/2007,7/21/2007,50,24,4.61,7,The Deathly Hallows ('07),is,was
216,Voldemort,vold,The Deathly Hallows (2007),31,0.076355,6861,0.059175,523.87,406,0,Yes,Slytherin,0,0,2,5,0,M,he,him,his,Harry Potter and the Deathly Hallows,7/21/2007,7/21/2007,50,24,4.61,7,The Deathly Hallows ('07),is,was
217,Ron Weasley,ronw,The Deathly Hallows (2007),16,0.012279,6861,0.189914,84.25,1303,0,No,Gryffindor,1,1,0,0,0,M,he,him,his,Harry Potter and the Deathly Hallows,7/21/2007,7/21/2007,50,24,4.61,7,The Deathly Hallows ('07),is,was
218,Bellatrix Lestrange,bell,The Deathly Hallows (2007),12,0.133333,6861,0.013118,914.8,90,0,Yes,Slytherin,2,0,1,0,0,F,she,her,her,Harry Potter and the Deathly Hallows,7/21/2007,7/21/2007,50,24,4.61,7,The Deathly Hallows ('07),is,was
219,Severus Snape,snap,The Deathly Hallows (2007),5,0.017544,6861,0.041539,120.37,285,0,No,Slytherin,0,0,0,0,0,M,he,him,his,Harry Potter and the Deathly Hallows,7/21/2007,7/21/2007,50,24,4.61,7,The Deathly Hallows ('07),is,was
220,Albus Dumbledore,albu,The Deathly Hallows (2007),2,0.004141,6861,0.070398,28.41,483,0,No,Gryffindor,0,0,0,0,0,M,he,him,his,Harry Potter and the Deathly Hallows,7/21/2007,7/21/2007,50,24,4.61,7,The Deathly Hallows ('07),is,was
221,Draco Malfoy,drac,The Deathly Hallows (2007),4,0.075472,6861,0.007725,517.81,53,0,Yes,Slytherin,0,0,0,0,0,M,he,him,his,Harry Potter and the Deathly Hallows,7/21/2007,7/21/2007,50,24,4.61,7,The Deathly Hallows ('07),is,was
222,Neville Longbottom,nevi,The Deathly Hallows (2007),2,0.024691,6861,0.011806,169.41,81,0,No,Gryffindor,0,0,0,0,0,M,he,him,his,Harry Potter and the Deathly Hallows,7/21/2007,7/21/2007,50,24,4.61,7,The Deathly Hallows ('07),is,was
223,Dolores Umbridge,umbr,The Deathly Hallows (2007),0,0,6861,0.006122,0,42,0,Yes,Slytherin,0,0,0,0,0,F,she,her,her,Harry Potter and the Deathly Hallows,7/21/2007,7/21/2007,50,24,4.61,7,The Deathly Hallows ('07),is,was
224,Dementors,deme,The Deathly Hallows (2007),4,0.093023,6861,0.006267,638.23,43,1,Yes,None (Non-Human),0,0,0,0,0,M,he,him,his,Harry Potter and the Deathly Hallows,7/21/2007,7/21/2007,50,24,4.61,7,The Deathly Hallows ('07),is,was
225,Remus Lupin,remu,The Deathly Hallows (2007),2,0.011905,6861,0.024486,81.68,168,0,No,Gryffindor,0,0,0,0,0,M,he,him,his,Harry Potter and the Deathly Hallows,7/21/2007,7/21/2007,50,24,4.61,7,The Deathly Hallows ('07),is,was
226,Minerva McGonagall,mcgo,The Deathly Hallows (2007),9,0.138462,6861,0.009474,949.98,65,0,No,Gryffindor,0,0,0,0,0,F,she,her,her,Harry Potter and the Deathly Hallows,7/21/2007,7/21/2007,50,24,4.61,7,The Deathly Hallows ('07),is,was
227,Sirius Black,siri,The Deathly Hallows (2007),0,0,6861,0.008162,0,56,0,No,Gryffindor,0,0,0,0,0,M,he,him,his,Harry Potter and the Deathly Hallows,7/21/2007,7/21/2007,50,24,4.61,7,The Deathly Hallows ('07),is,was
228,Nagini,nagi,The Deathly Hallows (2007),8,0.421053,6861,0.002769,"2,888.84",19,1,Yes,None (Non-Human),0,0,0,0,0,F,she,her,her,Harry Potter and the Deathly Hallows,7/21/2007,7/21/2007,50,24,4.61,7,The Deathly Hallows ('07),is,was
229,Peter Pettigrew,worm,The Deathly Hallows (2007),2,0.181818,6861,0.001603,"1,247.45",11,0,Yes,Gryffindor,0,0,0,0,0,M,he,him,his,Harry Potter and the Deathly Hallows,7/21/2007,7/21/2007,50,24,4.61,7,The Deathly Hallows ('07),is,was
230,Antonin Dolohov,dolo,The Deathly Hallows (2007),2,0.117647,6861,0.002478,807.18,17,0,Yes,Slytherin,0,0,0,0,0,M,he,him,his,Harry Potter and the Deathly Hallows,7/21/2007,7/21/2007,50,24,4.61,7,The Deathly Hallows ('07),is,was
231,Ginny Weasley,ginn,The Deathly Hallows (2007),2,0.017857,6861,0.016324,122.52,112,0,No,Gryffindor,0,0,0,0,0,F,she,her,her,Harry Potter and the Deathly Hallows,7/21/2007,7/21/2007,50,24,4.61,7,The Deathly Hallows ('07),is,was
232,Thorfinn Rowle,rowl,The Deathly Hallows (2007),1,0.043478,6861,0.003352,298.3,23,0,Yes,Slytherin,0,0,0,0,0,M,he,him,his,Harry Potter and the Deathly Hallows,7/21/2007,7/21/2007,50,24,4.61,7,The Deathly Hallows ('07),is,was
233,Vincent Crabbe,crab,The Deathly Hallows (2007),6,0.222222,6861,0.003935,"1,524.67",27,0,Yes,Slytherin,0,0,1,2,0,M,he,him,his,Harry Potter and the Deathly Hallows,7/21/2007,7/21/2007,50,24,4.61,7,The Deathly Hallows ('07),is,was
234,Dobby,dobb,The Deathly Hallows (2007),2,0.05,6861,0.00583,343.05,40,1,No,None (Non-Human),0,0,0,0,0,M,he,him,his,Harry Potter and the Deathly Hallows,7/21/2007,7/21/2007,50,24,4.61,7,The Deathly Hallows ('07),is,was
235,Fred Weasley,fred,The Deathly Hallows (2007),2,0.022472,6861,0.012972,154.18,89,0,No,Gryffindor,0,0,0,0,0,M,he,him,his,Harry Potter and the Deathly Hallows,7/21/2007,7/21/2007,50,24,4.61,7,The Deathly Hallows ('07),is,was
236,George Weasley,geor,The Deathly Hallows (2007),2,0.028986,6861,0.010057,198.87,69,0,No,Gryffindor,0,0,0,0,0,M,he,him,his,Harry Potter and the Deathly Hallows,7/21/2007,7/21/2007,50,24,4.61,7,The Deathly Hallows ('07),is,was
237,Luna Lovegood,luna,The Deathly Hallows (2007),3,0.022388,6861,0.019531,153.6,134,0,No,Ravenclaw,0,0,0,0,0,F,she,her,her,Harry Potter and the Deathly Hallows,7/21/2007,7/21/2007,50,24,4.61,7,The Deathly Hallows ('07),is,was
238,James Potter,jame,The Deathly Hallows (2007),0,0,6861,0.007579,0,52,0,No,Gryffindor,0,0,0,0,0,M,he,him,his,Harry Potter and the Deathly Hallows,7/21/2007,7/21/2007,50,24,4.61,7,The Deathly Hallows ('07),is,was
239,Aberforth Dumbledore,aber,The Deathly Hallows (2007),4,0.059701,6861,0.009765,409.61,67,0,No,Gryffindor,0,0,0,0,0,M,he,him,his,Harry Potter and the Deathly Hallows,7/21/2007,7/21/2007,50,24,4.61,7,The Deathly Hallows ('07),is,was
240,Arthur Weasley,arth,The Deathly Hallows (2007),2,0.095238,6861,0.003061,653.43,21,0,No,Gryffindor,0,0,0,0,0,M,he,him,his,Harry Potter and the Deathly Hallows,7/21/2007,7/21/2007,50,24,4.61,7,The Deathly Hallows ('07),is,was
241,Filius Flitwick,flit,The Deathly Hallows (2007),4,0.190476,6861,0.003061,"1,306.86",21,0,No,Ravenclaw,0,0,0,0,0,M,he,him,his,Harry Potter and the Deathly Hallows,7/21/2007,7/21/2007,50,24,4.61,7,The Deathly Hallows ('07),is,was
242,Kingsley Shacklebolt,king,The Deathly Hallows (2007),3,0.065217,6861,0.006705,447.46,46,0,No,Unknown,0,0,0,0,0,M,he,him,his,Harry Potter and the Deathly Hallows,7/21/2007,7/21/2007,50,24,4.61,7,The Deathly Hallows ('07),is,was
243,Nymphadora Tonks,tonk,The Deathly Hallows (2007),2,0.025641,6861,0.011369,175.92,78,0,No,Hufflepuff,0,0,0,0,0,F,she,her,her,Harry Potter and the Deathly Hallows,7/21/2007,7/21/2007,50,24,4.61,7,The Deathly Hallows ('07),is,was
244,Rubeus Hagrid,hagr,The Deathly Hallows (2007),1,0.006803,6861,0.021425,46.67,147,0,No,Gryffindor,0,0,0,0,0,M,he,him,his,Harry Potter and the Deathly Hallows,7/21/2007,7/21/2007,50,24,4.61,7,The Deathly Hallows ('07),is,was
245,Fernir Greyback,grey,The Deathly Hallows (2007),3,0.047619,6861,0.009182,326.71,63,1,Yes,Slytherin,0,0,0,0,0,M,he,him,his,Harry Potter and the Deathly Hallows,7/21/2007,7/21/2007,50,24,4.61,7,The Deathly Hallows ('07),is,was
246,Gellert Grindelvald,grin,The Deathly Hallows (2007),3,0.065217,6861,0.006705,447.46,46,0,Yes,Unknown,0,0,1,0,0,M,he,him,his,Harry Potter and the Deathly Hallows,7/21/2007,7/21/2007,50,24,4.61,7,The Deathly Hallows ('07),is,was
247,Kreacher,krea,The Deathly Hallows (2007),3,0.034884,6861,0.012535,239.34,86,1,No,None (Non-Human),0,0,0,0,0,M,he,him,his,Harry Potter and the Deathly Hallows,7/21/2007,7/21/2007,50,24,4.61,7,The Deathly Hallows ('07),is,was
248,Morfin Gaunt,morf,The Deathly Hallows (2007),0,0,6861,0.001603,0,11,0,Yes,Unknown,0,0,0,0,0,M,he,him,his,Harry Potter and the Deathly Hallows,7/21/2007,7/21/2007,50,24,4.61,7,The Deathly Hallows ('07),is,was
249,Horace Slughorn,slug,The Deathly Hallows (2007),1,0.083333,6861,0.001749,571.75,12,0,No,Slytherin,0,0,0,0,0,M,he,him,his,Harry Potter and the Deathly Hallows,7/21/2007,7/21/2007,50,24,4.61,7,The Deathly Hallows ('07),is,was
250,Alecto Carrow,alec,The Deathly Hallows (2007),2,0.153846,6861,0.001895,"1,055.54",13,0,Yes,Slytherin,0,0,0,0,0,M,he,him,his,Harry Potter and the Deathly Hallows,7/21/2007,7/21/2007,50,24,4.61,7,The Deathly Hallows ('07),is,was
251,Cho Chang,choc,The Deathly Hallows (2007),0,0,6861,0.026527,0,182,0,No,Ravenclaw,0,0,0,0,0,F,she,her,her,Harry Potter and the Deathly Hallows,7/21/2007,7/21/2007,50,24,4.61,7,The Deathly Hallows ('07),is,was
252,Dean Thomas,dean,The Deathly Hallows (2007),1,0.025,6861,0.00583,171.53,40,0,No,Gryffindor,1,0,0,0,0,M,he,him,his,Harry Potter and the Deathly Hallows,7/21/2007,7/21/2007,50,24,4.61,7,The Deathly Hallows ('07),is,was
253,Viktor Krum,krum,The Deathly Hallows (2007),0,0,6861,0.004956,0,34,0,No,Unknown,0,0,0,0,0,M,he,him,his,Harry Potter and the Deathly Hallows,7/21/2007,7/21/2007,50,24,4.61,7,The Deathly Hallows ('07),is,was
254,Alastor Moody,mood,The Deathly Hallows (2007),1,0.034483,6861,0.004227,236.59,29,0,No,Unknown,0,0,0,0,0,M,he,him,his,Harry Potter and the Deathly Hallows,7/21/2007,7/21/2007,50,24,4.61,7,The Deathly Hallows ('07),is,was
255,Narcissa Malfoy,narc,The Deathly Hallows (2007),1,0.052632,6861,0.002769,361.11,19,0,Yes,Slytherin,0,0,0,0,0,F,she,her,her,Harry Potter and the Deathly Hallows,7/21/2007,7/21/2007,50,24,4.61,7,The Deathly Hallows ('07),is,was
256,Percy Weasley,perc,The Deathly Hallows (2007),2,0.068966,6861,0.004227,473.17,29,0,No,Gryffindor,0,0,0,0,0,M,he,him,his,Harry Potter and the Deathly Hallows,7/21/2007,7/21/2007,50,24,4.61,7,The Deathly Hallows ('07),is,was
257,Seamus Finnegan,seam,The Deathly Hallows (2007),1,0.090909,6861,0.001603,623.73,11,0,No,Gryffindor,0,0,0,0,0,M,he,him,his,Harry Potter and the Deathly Hallows,7/21/2007,7/21/2007,50,24,4.61,7,The Deathly Hallows ('07),is,was
258,Yaxley,yaxl,The Deathly Hallows (2007),2,0.038462,6861,0.007579,263.88,52,0,Yes,Slytherin,0,0,0,0,0,M,he,him,his,Harry Potter and the Deathly Hallows,7/21/2007,7/21/2007,50,24,4.61,7,The Deathly Hallows ('07),is,was
259,Fleur Delacour,fleu,The Deathly Hallows (2007),0,0,6861,0.015158,0,104,0,No,Unknown,0,0,0,0,0,F,she,her,her,Harry Potter and the Deathly Hallows,7/21/2007,7/21/2007,50,24,4.61,7,The Deathly Hallows ('07),is,was
260,Greggory Goyle,goyl,The Deathly Hallows (2007),1,0.038462,6861,0.00379,263.88,26,0,Yes,Slytherin,0,0,0,0,0,M,he,him,his,Harry Potter and the Deathly Hallows,7/21/2007,7/21/2007,50,24,4.61,7,The Deathly Hallows ('07),is,was
261,Marvolo Guant,marv,The Deathly Hallows (2007),0,0,6861,0.001603,0,11,0,No,Unknown,0,0,0,0,0,M,he,him,his,Harry Potter and the Deathly Hallows,7/21/2007,7/21/2007,50,24,4.61,7,The Deathly Hallows ('07),is,was
262,Mundungus Fletcher,mund,The Deathly Hallows (2007),0,0,6861,0.006122,0,42,0,No,Unknown,0,0,0,0,0,M,he,him,his,Harry Potter and the Deathly Hallows,7/21/2007,7/21/2007,50,24,4.61,7,The Deathly Hallows ('07),is,was
